country,year,source,share
Brazil,2000,coal,3.132433652877808
Brazil,2001,coal,3.372393846511841
Brazil,2002,coal,2.637972831726074
Brazil,2003,coal,2.472625494003296
Brazil,2004,coal,2.6761982440948486
Brazil,2005,coal,2.6496639251708984
Brazil,2006,coal,2.4961259365081787
Brazil,2007,coal,2.2644052505493164
Brazil,2008,coal,2.5821495056152344
Brazil,2009,coal,2.138704776763916
Brazil,2010,coal,2.188832998275757
Brazil,2011,coal,2.369489908218384
Brazil,2012,coal,2.619004487991333
Brazil,2013,coal,3.84878134727478
Brazil,2014,coal,4.555075645446777
Brazil,2015,coal,4.641960144042969
Brazil,2016,coal,4.434348583221436
Brazil,2017,coal,3.877350091934204
Brazil,2018,coal,3.458653926849365
Brazil,2019,coal,3.423175811767578
Brazil,2020,coal,2.82301664352417
Brazil,2021,coal,3.692870140075684
Brazil,2022,coal,2.12652850151062
Brazil,2023,coal,1.8796249628067017
Brazil,2024,coal,2.1737380027771
China,2000,coal,78.21334075927734
China,2001,coal,76.2525405883789
China,2002,coal,77.54306030273438
China,2003,coal,79.555419921875
China,2004,coal,78.17420196533203
China,2005,coal,79.19776153564453
China,2006,coal,80.343505859375
China,2007,coal,80.95893859863281
China,2008,coal,77.49130249023438
China,2009,coal,78.37960052490234
China,2010,coal,76.85945129394531
China,2011,coal,78.31221008300781
China,2012,coal,75.15107727050781
China,2013,coal,75.06715393066406
China,2014,coal,72.53595733642578
China,2015,coal,69.58662414550781
China,2016,coal,67.76849365234375
China,2017,coal,67.0765380859375
China,2018,coal,66.47721099853516
China,2019,coal,64.7053451538086
China,2020,coal,63.27093505859375
China,2021,coal,62.498680114746094
China,2022,coal,61.19219970703125
China,2023,coal,60.83403396606445
China,2024,coal,57.7740592956543
Denmark,2000,coal,46.499305725097656
Denmark,2001,coal,47.469364166259766
Denmark,2002,coal,46.70077133178711
Denmark,2003,coal,55.05764389038086
Denmark,2004,coal,46.3966178894043
Denmark,2005,coal,42.849220275878906
Denmark,2006,coal,54.07130432128906
Denmark,2007,coal,50.81757736206055
Denmark,2008,coal,47.8618392944336
Denmark,2009,coal,48.80000305175781
Denmark,2010,coal,43.89677429199219
Denmark,2011,coal,39.81771469116211
Denmark,2012,coal,34.478248596191406
Denmark,2013,coal,41.28864288330078
Denmark,2014,coal,34.51935195922852
Denmark,2015,coal,24.70465660095215
Denmark,2016,coal,29.177631378173828
Denmark,2017,coal,20.097087860107425
Denmark,2018,coal,21.747766494750977
Denmark,2019,coal,11.27000331878662
Denmark,2020,coal,10.706788063049316
Denmark,2021,coal,13.274605751037598
Denmark,2022,coal,12.595962524414062
Denmark,2023,coal,7.43898868560791
Denmark,2024,coal,4.974417209625244
Denmark,2025,coal,2.663076162338257
Germany,2000,coal,52.14517593383789
Germany,2001,coal,50.737552642822266
Germany,2002,coal,51.32246017456055
Germany,2003,coal,50.600467681884766
Germany,2004,coal,49.01082611083984
Germany,2005,coal,46.97883605957031
Germany,2006,coal,45.84734725952149
Germany,2007,coal,47.07653427124024
Germany,2008,coal,43.52591323852539
Germany,2009,coal,43.10667037963867
Germany,2010,coal,42.11563491821289
Germany,2011,coal,43.38181686401367
Germany,2012,coal,44.56688690185547
Germany,2013,coal,45.7685546875
Germany,2014,coal,44.34909057617188
Germany,2015,coal,42.58648300170898
Germany,2016,coal,40.80153274536133
Germany,2017,coal,37.43598937988281
Germany,2018,coal,36.08527755737305
Germany,2019,coal,28.57071304321289
Germany,2020,coal,23.74944877624512
Germany,2021,coal,28.445310592651367
Germany,2022,coal,31.740402221679688
Germany,2023,coal,24.773174285888672
Germany,2024,coal,21.5697021484375
Germany,2025,coal,20.73616981506348
India,2000,coal,68.29486083984375
India,2001,coal,69.66336059570312
India,2002,coal,69.99212646484375
India,2003,coal,69.18183135986328
India,2004,coal,66.30341339111328
India,2005,coal,67.91574096679688
India,2006,coal,67.89892578125
India,2007,coal,66.97184753417969
India,2008,coal,69.18313598632812
India,2009,coal,69.55259704589844
India,2010,coal,68.66476440429688
India,2011,coal,67.92951965332031
India,2012,coal,72.31858825683594
India,2013,coal,74.30316162109375
India,2014,coal,75.47032928466797
India,2015,coal,76.80303955078125
India,2016,coal,76.96443176269531
India,2017,coal,76.26145935058594
India,2018,coal,76.28034210205078
India,2019,coal,74.4026107788086
India,2020,coal,72.8072509765625
India,2021,coal,74.58831787109375
India,2022,coal,74.43608856201172
India,2023,coal,75.32373809814453
India,2024,coal,74.76603698730469
Ireland,2000,coal,28.87383460998535
Ireland,2001,coal,28.72253799438477
Ireland,2002,coal,27.500001907348636
Ireland,2003,coal,24.979854583740234
Ireland,2004,coal,24.741857528686523
Ireland,2005,coal,24.980453491210938
Ireland,2006,coal,21.72146415710449
Ireland,2007,coal,19.202259063720703
Ireland,2008,coal,17.196386337280273
Ireland,2009,coal,14.316391944885254
Ireland,2010,coal,12.62895679473877
Ireland,2011,coal,14.522668838500977
Ireland,2012,coal,18.53082275390625
Ireland,2013,coal,16.758026123046875
Ireland,2014,coal,15.36074447631836
Ireland,2015,coal,17.361854553222656
Ireland,2016,coal,15.562912940979004
Ireland,2017,coal,11.872146606445312
Ireland,2018,coal,6.9579291343688965
Ireland,2019,coal,1.6606968641281128
Ireland,2020,coal,2.095714807510376
Ireland,2021,coal,8.613046646118164
Ireland,2022,coal,7.051472187042236
Ireland,2023,coal,3.865814924240112
Ireland,2024,coal,2.034883737564087
Ireland,2025,coal,0.5162955522537231
United Kingdom,2000,coal,31.811912536621094
United Kingdom,2001,coal,34.16586685180664
United Kingdom,2002,coal,32.09379196166992
United Kingdom,2003,coal,34.770599365234375
United Kingdom,2004,coal,33.45602798461914
United Kingdom,2005,coal,33.79942321777344
United Kingdom,2006,coal,37.468223571777344
United Kingdom,2007,coal,34.258209228515625
United Kingdom,2008,coal,31.97758102416992
United Kingdom,2009,coal,27.348974227905277
United Kingdom,2010,coal,28.160497665405277
United Kingdom,2011,coal,29.46979522705078
United Kingdom,2012,coal,39.242034912109375
United Kingdom,2013,coal,36.35703659057617
United Kingdom,2014,coal,29.64978790283203
United Kingdom,2015,coal,22.392066955566406
United Kingdom,2016,coal,9.042396545410156
United Kingdom,2017,coal,6.6613450050354
United Kingdom,2018,coal,5.042545318603516
United Kingdom,2019,coal,2.1149790287017822
United Kingdom,2020,coal,1.8369320631027224
United Kingdom,2021,coal,2.205261468887329
United Kingdom,2022,coal,1.8300573825836184
United Kingdom,2023,coal,1.2921751737594604
United Kingdom,2024,coal,0.6686373949050903
United Kingdom,2025,coal,0.1127126216888427
United States,2000,coal,51.71536636352539
United States,2001,coal,51.07777786254883
United States,2002,coal,50.28653335571289
United States,2003,coal,51.01500701904297
United States,2004,coal,50.05883407592773
United States,2005,coal,49.8853759765625
United States,2006,coal,49.1855583190918
United States,2007,coal,48.67654800415039
United States,2008,coal,48.345359802246094
United States,2009,coal,44.56802749633789
United States,2010,coal,44.90318298339844
United States,2011,coal,42.39386367797852
United States,2012,coal,37.47002410888672
United States,2013,coal,38.985748291015625
United States,2014,coal,38.61587524414063
United States,2015,coal,33.11467361450195
United States,2016,coal,30.31515121459961
United States,2017,coal,29.75685310363769
United States,2018,coal,27.35871315002441
United States,2019,coal,23.20519256591797
United States,2020,coal,19.12826156616211
United States,2021,coal,21.61969566345215
United States,2022,coal,19.396577835083008
United States,2023,coal,15.870339393615724
United States,2024,coal,14.852128982543944
Brazil,2000,gas,1.1664230823516846
Brazil,2001,gas,3.019327402114868
Brazil,2002,gas,3.5896100997924805
Brazil,2003,gas,3.5977933406829834
Brazil,2004,gas,4.970450878143311
Brazil,2005,gas,4.666683197021484
Brazil,2006,gas,4.3533196449279785
Brazil,2007,gas,3.4819724559783936
Brazil,2008,gas,6.21356725692749
Brazil,2009,gas,2.8594717979431152
Brazil,2010,gas,7.072508811950684
Brazil,2011,gas,4.720174312591553
Brazil,2012,gas,8.463348388671875
Brazil,2013,gas,12.087661743164062
Brazil,2014,gas,13.72788143157959
Brazil,2015,gas,13.67640495300293
Brazil,2016,gas,9.756603240966797
Brazil,2017,gas,11.129776000976562
Brazil,2018,gas,9.082292556762695
Brazil,2019,gas,10.414791107177734
Brazil,2020,gas,9.45988941192627
Brazil,2021,gas,13.248019218444824
Brazil,2022,gas,6.218619346618652
Brazil,2023,gas,5.449641227722168
Brazil,2024,gas,6.538647174835205
China,2000,gas,0.4256417751312256
China,2001,gas,0.3329303860664367
China,2002,gas,0.2533237338066101
China,2003,gas,0.2700750529766083
China,2004,gas,0.3385815024375915
China,2005,gas,0.4855495095252991
China,2006,gas,0.8312047123908997
China,2007,gas,1.0333563089370728
China,2008,gas,0.9889122843742372
China,2009,gas,1.522624135017395
China,2010,gas,1.847564697265625
China,2011,gas,2.3078620433807373
China,2012,gas,2.2105085849761963
China,2013,gas,2.1428189277648926
China,2014,gas,2.3001320362091064
China,2015,gas,2.8705427646636963
China,2016,gas,3.06986927986145
China,2017,gas,3.0767180919647217
China,2018,gas,3.007197618484497
China,2019,gas,3.0985827445983887
China,2020,gas,3.24588942527771
China,2021,gas,3.36408805847168
China,2022,gas,3.114804267883301
China,2023,gas,3.1491730213165283
China,2024,gas,3.1795759201049805
Denmark,2000,gas,24.463043212890625
Denmark,2001,gas,24.693660736083984
Denmark,2002,gas,24.52685546875
Denmark,2003,gas,21.231237411499023
Denmark,2004,gas,24.7017879486084
Denmark,2005,gas,24.334810256958008
Denmark,2006,gas,20.68661880493164
Denmark,2007,gas,17.98671531677246
Denmark,2008,gas,19.407894134521484
Denmark,2009,gas,18.399999618530277
Denmark,2010,gas,20.41290283203125
Denmark,2011,gas,16.633438110351562
Denmark,2012,gas,13.70624828338623
Denmark,2013,gas,9.881537437438965
Denmark,2014,gas,6.554306507110596
Denmark,2015,gas,6.323835849761963
Denmark,2016,gas,7.434210777282715
Denmark,2017,gas,6.537216663360596
Denmark,2018,gas,6.8520355224609375
Denmark,2019,gas,7.150152683258057
Denmark,2020,gas,4.128761291503906
Denmark,2021,gas,4.67800760269165
Denmark,2022,gas,2.900199174880981
Denmark,2023,gas,2.940311908721924
Denmark,2024,gas,2.5866971015930176
Denmark,2025,gas,2.4236984252929688
Germany,2000,gas,8.64750862121582
Germany,2001,gas,9.586485862731934
Germany,2002,gas,9.644373893737791
Germany,2003,gas,10.396491050720217
Germany,2004,gas,10.280511856079102
Germany,2005,gas,11.769980430603027
Germany,2006,gas,11.85814094543457
Germany,2007,gas,12.272223472595217
Germany,2008,gas,13.993579864501951
Germany,2009,gas,13.652288436889648
Germany,2010,gas,14.21957302093506
Germany,2011,gas,14.160329818725586
Germany,2012,gas,12.253754615783691
Germany,2013,gas,10.640155792236328
Germany,2014,gas,9.79555606842041
Germany,2015,gas,9.617159843444824
Germany,2016,gas,12.567028045654297
Germany,2017,gas,13.350711822509766
Germany,2018,gas,12.899347305297852
Germany,2019,gas,14.99774932861328
Germany,2020,gas,16.76224136352539
Germany,2021,gas,15.60216236114502
Germany,2022,gas,13.944750785827637
Germany,2023,gas,15.219679832458496
Germany,2024,gas,15.905957221984863
Germany,2025,gas,16.619089126586914
India,2000,gas,9.793661117553713
India,2001,gas,9.542902946472168
India,2002,gas,10.31428337097168
India,2003,gas,11.408333778381348
India,2004,gas,10.96631908416748
India,2005,gas,10.712258338928224
India,2006,gas,10.034523010253906
India,2007,gas,11.309120178222656
India,2008,gas,10.366847038269045
India,2009,gas,11.8787202835083
India,2010,gas,12.604790687561035
India,2011,gas,11.38794231414795
India,2012,gas,8.843092918395996
India,2013,gas,5.810397624969482
India,2014,gas,5.08548641204834
India,2015,gas,4.942161560058594
India,2016,gas,5.205996036529541
India,2017,gas,5.127906799316406
India,2018,gas,4.534088611602783
India,2019,gas,4.465670585632324
India,2020,gas,4.760753154754639
India,2021,gas,3.5881474018096924
India,2022,gas,2.5562801361083984
India,2023,gas,2.6472535133361816
India,2024,gas,2.7800216674804688
Ireland,2000,gas,39.204063415527344
Ireland,2001,gas,37.22538375854492
Ireland,2002,gas,43.66935729980469
Ireland,2003,gas,52.53827667236328
Ireland,2004,gas,51.23113250732422
Ireland,2005,gas,45.23064804077149
Ireland,2006,gas,50.94200134277344
Ireland,2007,gas,56.68902206420898
Ireland,2008,gas,55.938438415527344
Ireland,2009,gas,58.33929443359375
Ireland,2010,gas,64.42546844482422
Ireland,2011,gas,56.87431335449219
Ireland,2012,gas,52.19638442993164
Ireland,2013,gas,51.40955352783203
Ireland,2014,gas,49.03025436401367
Ireland,2015,gas,44.38502883911133
Ireland,2016,gas,50.794700622558594
Ireland,2017,gas,51.14155197143555
Ireland,2018,gas,51.84466171264648
Ireland,2019,gas,51.807228088378906
Ireland,2020,gas,50.79762268066406
Ireland,2021,gas,48.00506591796875
Ireland,2022,gas,49.2115478515625
Ireland,2023,gas,49.07348251342773
Ireland,2024,gas,49.06330871582031
Ireland,2025,gas,48.144561767578125
United Kingdom,2000,gas,39.27226638793945
United Kingdom,2001,gas,36.88177490234375
United Kingdom,2002,gas,39.3244514465332
United Kingdom,2003,gas,37.38731002807617
United Kingdom,2004,gas,39.871036529541016
United Kingdom,2005,gas,38.31806182861328
United Kingdom,2006,gas,35.44944381713867
United Kingdom,2007,gas,41.78070068359375
United Kingdom,2008,gas,45.3054313659668
United Kingdom,2009,gas,44.19258880615234
United Kingdom,2010,gas,45.97445297241211
United Kingdom,2011,gas,39.813026428222656
United Kingdom,2012,gas,27.529062271118164
United Kingdom,2013,gas,26.75002670288086
United Kingdom,2014,gas,29.842050552368164
United Kingdom,2015,gas,29.47443008422852
United Kingdom,2016,gas,42.19883346557617
United Kingdom,2017,gas,40.4322624206543
United Kingdom,2018,gas,39.39657211303711
United Kingdom,2019,gas,40.67667007446289
United Kingdom,2020,gas,36.05865478515625
United Kingdom,2021,gas,39.89606857299805
United Kingdom,2022,gas,38.54520034790039
United Kingdom,2023,gas,34.751991271972656
United Kingdom,2024,gas,30.370214462280277
United Kingdom,2025,gas,31.05061912536621
United States,2000,gas,16.17500877380371
United States,2001,gas,17.14602279663086
United States,2002,gas,17.975252151489258
United States,2003,gas,16.798141479492188
United States,2004,gas,17.96834373474121
United States,2005,gas,18.859031677246094
United States,2006,gas,20.17425537109375
United States,2007,gas,21.643329620361328
United States,2008,gas,21.496618270874023
United States,2009,gas,23.37619400024414
United States,2010,gas,24.00861549377441
United States,2011,gas,24.791444778442383
United States,2012,gas,30.338781356811523
United States,2013,gas,27.73540687561035
United States,2014,gas,27.50506019592285
United States,2015,gas,32.65140151977539
United States,2016,gas,33.719627380371094
United States,2017,gas,31.99261474609375
United States,2018,gas,34.96638488769531
United States,2019,gas,38.135284423828125
United States,2020,gas,40.17060852050781
United States,2021,gas,38.01960372924805
United States,2022,gas,39.35393905639648
United States,2023,gas,42.45647048950195
United States,2024,gas,42.58464050292969
Brazil,2000,oil,4.476542472839356
Brazil,2001,oil,4.973368167877197
Brazil,2002,oil,4.029272079467773
Brazil,2003,oil,3.0983285903930664
Brazil,2004,oil,3.321376085281372
Brazil,2005,oil,3.111122131347656
Brazil,2006,oil,3.118369102478028
Brazil,2007,oil,3.252835988998413
Brazil,2008,oil,3.873224496841431
Brazil,2009,oil,3.17480731010437
Brazil,2010,oil,3.1213650703430176
Brazil,2011,oil,2.771927118301392
Brazil,2012,oil,3.4515836238861084
Brazil,2013,oil,4.531997203826904
Brazil,2014,oil,5.833545207977295
Brazil,2015,oil,4.939610004425049
Brazil,2016,oil,2.6015305519104004
Brazil,2017,oil,3.074730396270752
Brazil,2018,oil,2.495884418487549
Brazil,2019,oil,2.229485273361206
Brazil,2020,oil,2.315669059753418
Brazil,2021,oil,3.447592735290528
Brazil,2022,oil,1.801642179489136
Brazil,2023,oil,1.6282551288604736
Brazil,2024,oil,1.838491678237915
China,2000,oil,3.4870169162750244
China,2001,oil,3.2766292095184326
China,2002,oil,3.0658822059631348
China,2003,oil,2.86980938911438
China,2004,oil,2.974161386489868
China,2005,oil,2.0201897621154785
China,2006,oil,1.3232276439666748
China,2007,oil,0.856000542640686
China,2008,oil,0.5380803942680359
China,2009,oil,0.326276570558548
China,2010,oil,0.8250220417976379
China,2011,oil,0.7171622514724731
China,2012,oil,0.6259598731994629
China,2013,oil,0.6075524687767029
China,2014,oil,0.6154164671897888
China,2015,oil,0.6270443797111511
China,2016,oil,0.8569807410240173
China,2017,oil,0.8486714959144592
China,2018,oil,0.7870345711708069
China,2019,oil,0.6992802023887634
China,2020,oil,0.6873572468757629
China,2021,oil,0.6685993075370789
China,2022,oil,0.7902846932411194
China,2023,oil,0.8139417767524719
China,2024,oil,0.8811445832252502
Denmark,2000,oil,13.50069808959961
Denmark,2001,oil,12.253595352172852
Denmark,2002,oil,11.40665054321289
Denmark,2003,oil,6.156188488006592
Denmark,2004,oil,5.218687534332275
Denmark,2005,oil,5.654101371765137
Denmark,2006,oil,5.017605781555176
Denmark,2007,oil,4.879918098449707
Denmark,2008,oil,5.043859958648682
Denmark,2009,oil,5.020689964294434
Denmark,2010,oil,3.612903118133545
Denmark,2011,oil,3.189974308013916
Denmark,2012,oil,3.271180868148804
Denmark,2013,oil,2.715977907180786
Denmark,2014,oil,2.777777671813965
Denmark,2015,oil,3.196664333343506
Denmark,2016,oil,2.894736766815185
Denmark,2017,oil,2.8155341148376465
Denmark,2018,oil,2.7143330574035645
Denmark,2019,oil,3.0303030014038086
Denmark,2020,oil,3.114065647125244
Denmark,2021,oil,2.764277219772339
Denmark,2022,oil,3.639465570449829
Denmark,2023,oil,3.175536870956421
Denmark,2024,oil,3.212052345275879
Denmark,2025,oil,3.710353374481201
Germany,2000,oil,3.1725106239318848
Germany,2001,oil,3.544408798217773
Germany,2002,oil,3.174249649047852
Germany,2003,oil,3.833695888519287
Germany,2004,oil,3.7926511764526367
Germany,2005,oil,4.325496196746826
Germany,2006,oil,4.23833703994751
Germany,2007,oil,4.211694240570068
Germany,2008,oil,4.070917129516602
Germany,2009,oil,3.950948715209961
Germany,2010,oil,4.25978422164917
Germany,2011,oil,4.044628143310547
Germany,2012,oil,3.9963860511779785
Germany,2013,oil,4.009909629821777
Germany,2014,oil,3.987070798873901
Germany,2015,oil,4.000500679016113
Germany,2016,oil,3.95778751373291
Germany,2017,oil,3.904043436050415
Germany,2018,oil,3.7372679710388175
Germany,2019,oil,3.732773303985596
Germany,2020,oil,3.75474214553833
Germany,2021,oil,3.842233419418335
Germany,2022,oil,3.819150447845459
Germany,2023,oil,4.161289691925049
Germany,2024,oil,4.136238098144531
Germany,2025,oil,3.8014633655548096
India,2000,oil,5.103344440460205
India,2001,oil,4.570970058441162
India,2002,oil,4.581392288208008
India,2003,oil,4.8720479011535645
India,2004,oil,4.048287391662598
India,2005,oil,3.6010334491729736
India,2006,oil,2.563034772872925
India,2007,oil,1.6778438091278076
India,2008,oil,1.843290328979492
India,2009,oil,1.4886811971664429
India,2010,oil,1.1512296199798584
India,2011,oil,0.905726969242096
India,2012,oil,0.925194263458252
India,2013,oil,0.9332036375999452
India,2014,oil,0.9176279902458192
India,2015,oil,0.70656818151474
India,2016,oil,0.67458575963974
India,2017,oil,0.6010708212852478
India,2018,oil,0.4072153568267822
India,2019,oil,0.1905435621738433
India,2020,oil,0.1966937631368637
India,2021,oil,0.2013877481222152
India,2022,oil,0.1926760971546173
India,2023,oil,0.2006284594535827
India,2024,oil,0.201457992196083
Ireland,2000,oil,26.926332473754883
Ireland,2001,oil,29.861677169799805
Ireland,2002,oil,23.26613044738769
Ireland,2003,oil,17.8887996673584
Ireland,2004,oil,18.506750106811523
Ireland,2005,oil,22.478498458862305
Ireland,2006,oil,18.2120418548584
Ireland,2007,oil,14.18990421295166
Ireland,2008,oil,14.821009635925291
Ireland,2009,oil,12.598424911499023
Ireland,2010,oil,9.711846351623535
Ireland,2011,oil,8.588278770446777
Ireland,2012,oil,9.892950057983398
Ireland,2013,oil,9.788566589355469
Ireland,2014,oil,10.822342872619627
Ireland,2015,oil,10.231728553771973
Ireland,2016,oil,8.774834632873535
Ireland,2017,oil,8.023483276367188
Ireland,2018,oil,8.187702178955078
Ireland,2019,oil,8.140670776367188
Ireland,2020,oil,5.004692077636719
Ireland,2021,oil,6.649777889251709
Ireland,2022,oil,4.849747180938721
Ireland,2023,oil,2.236421823501587
Ireland,2024,oil,2.8746769428253174
Ireland,2025,oil,2.9686996936798096
United Kingdom,2000,oil,3.728849649429321
United Kingdom,2001,oil,3.0589704513549805
United Kingdom,2002,oil,3.0239646434783936
United Kingdom,2003,oil,2.8854122161865234
United Kingdom,2004,oil,2.774675130844116
United Kingdom,2005,oil,3.1429648399353027
United Kingdom,2006,oil,3.534120559692383
United Kingdom,2007,oil,3.117360830307007
United Kingdom,2008,oil,3.581345319747925
United Kingdom,2009,oil,3.418621778488159
United Kingdom,2010,oil,2.7482595443725586
United Kingdom,2011,oil,2.405087471008301
United Kingdom,2012,oil,2.544865131378174
United Kingdom,2013,oil,2.333370447158813
United Kingdom,2014,oil,2.5703976154327397
United Kingdom,2015,oil,2.7768759727478027
United Kingdom,2016,oil,3.1369776725769043
United Kingdom,2017,oil,2.870912313461304
United Kingdom,2018,oil,3.06807279586792
United Kingdom,2019,oil,3.4414255619049072
United Kingdom,2020,oil,2.848856210708618
United Kingdom,2021,oil,3.1438779830932617
United Kingdom,2022,oil,3.4105613231658936
United Kingdom,2023,oil,3.698765754699707
United Kingdom,2024,oil,4.029419898986816
United Kingdom,2025,oil,4.361637115478516
United States,2000,oil,3.051471471786499
United States,2001,oil,3.6374902725219727
United States,2002,oil,2.697289228439331
United States,2003,oil,3.4216091632843018
United States,2004,oil,3.2864789962768555
United States,2005,oil,3.125905990600586
United States,2006,oil,1.7694851160049438
United States,2007,oil,1.8150569200515747
United States,2008,oil,1.3494728803634644
United States,2009,oil,1.231782078742981
United States,2010,oil,1.1546108722686768
United States,2011,oil,1.0225318670272827
United States,2012,oil,0.96741384267807
United States,2013,oil,0.9926989078521729
United States,2014,oil,1.06664776802063
United States,2015,oil,1.088151454925537
United States,2016,oil,0.9663466811180116
United States,2017,oil,0.935022234916687
United States,2018,oil,1.0158156156539917
United States,2019,oil,0.9003506302833557
United States,2020,oil,0.8493314981460571
United States,2021,oil,0.8474535346031189
United States,2022,oil,0.9013527035713196
United States,2023,oil,0.7788128852844238
United States,2024,oil,0.6939162015914917
Brazil,2000,hydro,87.23812866210938
Brazil,2001,hydro,81.53401947021484
Brazil,2002,hydro,82.75193786621094
Brazil,2003,hydro,83.87167358398438
Brazil,2004,hydro,82.78923034667969
Brazil,2005,hydro,83.72242736816406
Brazil,2006,hydro,83.15650939941406
Brazil,2007,hydro,84.0211181640625
Brazil,2008,hydro,79.78755950927734
Brazil,2009,hydro,83.87283325195312
Brazil,2010,hydro,78.18728637695312
Brazil,2011,hydro,80.54949188232422
Brazil,2012,hydro,75.1746597290039
Brazil,2013,hydro,68.4949951171875
Brazil,2014,hydro,63.23596954345703
Brazil,2015,hydro,61.89394760131836
Brazil,2016,hydro,65.80006408691406
Brazil,2017,hydro,62.93864059448242
Brazil,2018,hydro,64.6784896850586
Brazil,2019,hydro,62.823486328125
Brazil,2020,hydro,63.041542053222656
Brazil,2021,hydro,55.27422332763672
Brazil,2022,hydro,63.0737190246582
Brazil,2023,hydro,60.15929412841797
Brazil,2024,hydro,55.4108772277832
China,2000,hydro,16.406757354736328
China,2001,hydro,18.73526954650879
China,2002,hydro,17.41041374206543
China,2003,hydro,14.84784698486328
China,2004,hydro,16.04585838317871
China,2005,hydro,15.879148483276367
China,2006,hydro,15.206998825073242
China,2007,hydro,14.787569046020508
China,2008,hydro,18.220932006835938
China,2009,hydro,16.57334327697754
China,2010,hydro,16.90879249572754
China,2011,hydro,14.59870719909668
China,2012,hydro,17.298908233642578
China,2013,hydro,16.746538162231445
China,2014,hydro,18.288015365600582
China,2015,hydro,19.16767883300781
China,2016,hydro,18.80384635925293
China,2017,hydro,17.64055824279785
China,2018,hydro,16.72992706298828
China,2019,hydro,16.959444046020508
China,2020,hydro,16.990591049194336
China,2021,hydro,15.232721328735352
China,2022,hydro,14.670161247253418
China,2023,hydro,12.964695930480955
China,2024,hydro,13.425856590270996
Denmark,2000,hydro,0.083682008087635
Denmark,2001,hydro,0.0799147561192512
Denmark,2002,hydro,0.076726347208023
Denmark,2003,hydro,0.043506633490324
Denmark,2004,hydro,0.0745526775717735
Denmark,2005,hydro,0.0554323680698871
Denmark,2006,hydro,0.0440140850841999
Denmark,2007,hydro,0.0766479298472404
Denmark,2008,hydro,0.0822368413209915
Denmark,2009,hydro,0.0551724135875701
Denmark,2010,hydro,0.0516129024326801
Denmark,2011,hydro,0.0569638274610042
Denmark,2012,hydro,0.0654236152768135
Denmark,2013,hydro,0.0288933813571929
Denmark,2014,hydro,0.0624219700694084
Denmark,2015,hydro,0.0694926977157592
Denmark,2016,hydro,0.0657894760370254
Denmark,2017,hydro,0.0647249147295951
Denmark,2018,hydro,0.0331016220152378
Denmark,2019,hydro,0.0680966973304748
Denmark,2020,hydro,0.069979004561901
Denmark,2021,hydro,0.0607533417642116
Denmark,2022,hydro,0.0284333247691392
Denmark,2023,hydro,0.0588062368333339
Denmark,2024,hydro,0.0568504817783832
Denmark,2025,hydro,0.0598444081842899
Germany,2000,hydro,3.819316148757935
Germany,2001,hydro,3.926140785217285
Germany,2002,hydro,3.960531711578369
Germany,2003,hydro,3.043037414550781
Germany,2004,hydro,3.403871536254883
Germany,2005,hydro,3.202138900756836
Germany,2006,hydro,3.178356170654297
Germany,2007,hydro,3.3544607162475586
Germany,2008,hydro,3.232694149017334
Germany,2009,hydro,3.23661470413208
Germany,2010,hydro,3.356242179870605
Germany,2011,hydro,2.920661211013794
Germany,2012,hydro,3.509140014648437
Germany,2013,hydro,3.652590990066528
Germany,2014,hydro,3.16606068611145
Germany,2015,hydro,2.9694759845733643
Germany,2016,hydro,3.20332932472229
Germany,2017,hydro,3.126648426055908
Germany,2018,hydro,2.7978110313415527
Germany,2019,hydro,3.287839889526367
Germany,2020,hydro,3.3030436038970947
Germany,2021,hydro,3.3965065479278564
Germany,2022,hydro,3.1082417964935303
Germany,2023,hydro,4.216879367828369
Germany,2024,hydro,4.834063529968262
Germany,2025,hydro,3.9321324825286874
India,2000,hydro,13.474159240722656
India,2001,hydro,12.288213729858398
India,2002,hydro,11.242700576782228
India,2003,hydro,10.859856605529783
India,2004,hydro,14.411730766296388
India,2005,hydro,13.82785415649414
India,2006,hydro,15.1283540725708
India,2007,hydro,15.398236274719238
India,2008,hydro,13.902536392211914
India,2009,hydro,12.102932929992676
India,2010,hydro,11.612682342529297
India,2011,hydro,12.757672309875488
India,2012,hydro,10.637436866760254
India,2013,hydro,11.564715385437012
India,2014,hydro,11.043314933776855
India,2015,hydro,10.184958457946776
India,2016,hydro,9.215516090393066
India,2017,hydro,9.298477172851562
India,2018,hydro,8.902745246887207
India,2019,hydro,10.07274055480957
India,2020,hydro,10.435590744018556
India,2021,hydro,9.538887977600098
India,2022,hydro,9.694153785705566
India,2023,hydro,7.786989688873291
India,2024,hydro,7.71007776260376
Ireland,2000,hydro,3.5986452102661133
Ireland,2001,hydro,2.441009044647217
Ireland,2002,hydro,3.669355154037476
Ireland,2003,hydro,2.417405366897583
Ireland,2004,hydro,2.501985549926758
Ireland,2005,hydro,2.4628615379333496
Ireland,2006,hydro,2.659771203994751
Ireland,2007,hydro,2.3649842739105225
Ireland,2008,hydro,3.245232582092285
Ireland,2009,hydro,3.2211880683898926
Ireland,2010,hydro,2.134471654891968
Ireland,2011,hydro,2.617029190063477
Ireland,2012,hydro,2.9531192779541016
Ireland,2013,hydro,2.3492560386657715
Ireland,2014,hydro,2.754072666168213
Ireland,2015,hydro,2.88770055770874
Ireland,2016,hydro,2.251655578613281
Ireland,2017,hydro,2.2504892349243164
Ireland,2018,hydro,2.2330098152160645
Ireland,2019,hydro,2.8980789184570312
Ireland,2020,hydro,2.9089772701263428
Ireland,2021,hydro,2.3749208450317383
Ireland,2022,hydro,2.0827133655548096
Ireland,2023,hydro,3.00319504737854
Ireland,2024,hydro,2.4870800971984863
Ireland,2025,hydro,2.19425630569458
United Kingdom,2000,hydro,1.3499178886413574
United Kingdom,2001,hydro,1.0525768995285034
United Kingdom,2002,hydro,1.2369589805603027
United Kingdom,2003,hydro,0.8111298084259033
United Kingdom,2004,hydro,1.2286758422851562
United Kingdom,2005,hydro,1.2350947856903076
United Kingdom,2006,hydro,1.1553856134414673
United Kingdom,2007,hydro,1.2802096605300903
United Kingdom,2008,hydro,1.3214726448059082
United Kingdom,2009,hydro,1.3881515264511108
United Kingdom,2010,hydro,0.9396429657936096
United Kingdom,2011,hydro,1.5463217496871948
United Kingdom,2012,hydro,1.4593124389648438
United Kingdom,2013,hydro,1.3118231296539309
United Kingdom,2014,hydro,1.742191195487976
United Kingdom,2015,hydro,1.8591201305389404
United Kingdom,2016,hydro,1.5832301378250122
United Kingdom,2017,hydro,1.738513469696045
United Kingdom,2018,hydro,1.6299136877059937
United Kingdom,2019,hydro,1.8124024868011477
United Kingdom,2020,hydro,2.2172093391418457
United Kingdom,2021,hydro,1.7603118419647217
United Kingdom,2022,hydro,1.7437920570373535
United Kingdom,2023,hydro,1.8938229084014893
United Kingdom,2024,hydro,2.027027130126953
United Kingdom,2025,hydro,1.8956212997436523
United States,2000,hydro,7.102127552032471
United States,2001,hydro,5.583798408508301
United States,2002,hydro,6.648665428161621
United States,2003,hydro,6.908093452453613
United States,2004,hydro,6.577259063720703
United States,2005,hydro,6.5368194580078125
United States,2006,hydro,6.985278129577637
United States,2007,hydro,5.808230400085449
United States,2008,hydro,6.050838470458984
United States,2009,hydro,6.823154449462891
United States,2010,hydro,6.191145420074463
United States,2011,hydro,7.653214454650879
United States,2012,hydro,6.713985919952393
United States,2013,hydro,6.506542682647705
United States,2014,hydro,6.181381702423096
United States,2015,hydro,5.974304676055908
United States,2016,hydro,6.388407707214356
United States,2017,hydro,7.251172542572021
United States,2018,hydro,6.821768283843994
United States,2019,hydro,6.79615592956543
United States,2020,hydro,6.92400598526001
United States,2021,hydro,5.933859825134277
United States,2022,hydro,5.802807807922363
United States,2023,hydro,5.618595123291016
United States,2024,hydro,5.398290157318115
Brazil,2000,wind,0.0
Brazil,2001,wind,0.0091310301795601
Brazil,2002,wind,0.0173550844192504
Brazil,2003,wind,0.0164658725261688
Brazil,2004,wind,0.0154842706397175
Brazil,2005,wind,0.0223286282271146
Brazil,2006,wind,0.0572177805006504
Brazil,2007,wind,0.1482646316289901
Brazil,2008,wind,0.2547605633735657
Brazil,2009,wind,0.2659973800182342
Brazil,2010,wind,0.4226444661617279
Brazil,2011,wind,0.5077478289604187
Brazil,2012,wind,0.9140271544456482
Brazil,2013,wind,1.1527074575424194
Brazil,2014,wind,2.0675642490386963
Brazil,2015,wind,3.721482515335083
Brazil,2016,wind,5.785209655761719
Brazil,2017,wind,7.189641952514648
Brazil,2018,wind,8.061324119567871
Brazil,2019,wind,8.84057331085205
Brazil,2020,wind,9.073413848876951
Brazil,2021,wind,11.013101577758787
Brazil,2022,wind,12.054758071899414
Brazil,2023,wind,13.528780937194824
Brazil,2024,wind,14.54835605621338
China,2000,wind,0.0435231626033782
China,2001,wind,0.0486226938664913
China,2002,wind,0.0507856644690036
China,2003,wind,0.0523401275277137
China,2004,wind,0.0580944083631038
China,2005,wind,0.0779918879270553
China,2006,wind,0.1294613629579544
China,2007,wind,0.1669947654008865
China,2008,wind,0.3747397065162658
China,2009,wind,0.7432752847671509
China,2010,wind,1.1741887331008911
China,2011,wind,1.5722402334213257
China,2012,wind,2.0661489963531494
China,2013,wind,2.5454604625701904
China,2014,wind,2.7571208477020264
China,2015,wind,3.1918039321899414
China,2016,wind,3.927175998687744
China,2017,wind,4.612049102783203
China,2018,wind,5.104560852050781
China,2019,wind,5.401529312133789
China,2020,wind,5.996860980987549
China,2021,wind,7.684321880340576
China,2022,wind,8.618996620178223
China,2023,wind,9.367891311645508
China,2024,wind,9.884523391723633
Denmark,2000,wind,11.827056884765623
Denmark,2001,wind,11.481086730957031
Denmark,2002,wind,12.48081874847412
Denmark,2003,wind,12.094843864440918
Denmark,2004,wind,16.376739501953125
Denmark,2005,wind,18.32039833068848
Denmark,2006,wind,13.424296379089355
Denmark,2007,wind,18.31885528564453
Denmark,2008,wind,18.9967098236084
Denmark,2009,wind,18.56551742553711
Denmark,2010,wind,20.15483856201172
Denmark,2011,wind,27.82682991027832
Denmark,2012,wind,33.595027923583984
Denmark,2013,wind,32.12944030761719
Denmark,2014,wind,40.82396697998047
Denmark,2015,wind,49.09659576416016
Denmark,2016,wind,42.03947448730469
Denmark,2017,wind,47.83171463012695
Denmark,2018,wind,46.0112533569336
Denmark,2019,wind,54.98807907104492
Denmark,2020,wind,57.13785934448242
Denmark,2021,wind,48.75455856323242
Denmark,2022,wind,54.108619689941406
Denmark,2023,wind,57.36548614501953
Denmark,2024,wind,58.35702133178711
Denmark,2025,wind,57.83961868286133
Germany,2000,wind,1.6433781385421753
Germany,2001,wind,1.8067502975463867
Germany,2002,wind,2.716869831085205
Germany,2003,wind,3.17093825340271
Germany,2004,wind,4.268373012542725
Germany,2005,wind,4.527667999267578
Germany,2006,wind,4.969850540161133
Germany,2007,wind,6.418951034545898
Germany,2008,wind,6.5444655418396
Germany,2009,wind,6.704537391662598
Germany,2010,wind,6.175806045532227
Germany,2011,wind,8.24132251739502
Germany,2012,wind,8.33803939819336
Germany,2013,wind,8.375550270080566
Germany,2014,wind,9.454545021057127
Germany,2015,wind,12.61323356628418
Germany,2016,wind,12.457911491394045
Germany,2017,wind,16.399776458740234
Germany,2018,wind,17.389446258544922
Germany,2019,wind,20.978519439697266
Germany,2020,wind,23.310102462768555
Germany,2021,wind,19.722543716430664
Germany,2022,wind,22.017004013061523
Germany,2023,wind,27.300521850585938
Germany,2024,wind,28.109786987304688
Germany,2025,wind,26.736892700195312
India,2000,wind,0.2765186727046966
India,2001,wind,0.3566004931926727
India,2002,wind,0.3428252637386322
India,2003,wind,0.4074404835700989
India,2004,wind,0.7489402890205383
India,2005,wind,0.8502241969108582
India,2006,wind,1.2546511888504028
India,2007,wind,1.4668575525283811
India,2008,wind,1.7358554601669312
India,2009,wind,1.8517465591430664
India,2010,wind,2.0781939029693604
India,2011,wind,2.3200173377990723
India,2012,wind,2.5201668739318848
India,2013,wind,2.6296188831329346
India,2014,wind,2.657546043395996
India,2015,wind,2.498168706893921
India,2016,wind,3.114851474761963
India,2017,wind,3.598903179168701
India,2018,wind,3.837368488311768
India,2019,wind,3.9294180870056152
India,2020,wind,3.846668004989624
India,2021,wind,4.044982433319092
India,2022,wind,3.878437042236328
India,2023,wind,4.278858184814453
India,2024,wind,4.016353130340576
Ireland,2000,wind,1.0160880088806152
Ireland,2001,wind,1.3425549268722534
Ireland,2002,wind,1.5725806951522827
Ireland,2003,wind,1.8130539655685425
Ireland,2004,wind,2.581413745880127
Ireland,2005,wind,4.339327812194824
Ireland,2006,wind,5.984484672546387
Ireland,2007,wind,6.918461322784424
Ireland,2008,wind,8.062897682189941
Ireland,2009,wind,10.594130516052246
Ireland,2010,wind,9.996441841125488
Ireland,2011,wind,16.14449119567871
Ireland,2012,wind,14.80251121520996
Ireland,2013,wind,17.776037216186523
Ireland,2014,wind,19.93793487548828
Ireland,2015,wind,23.422460556030277
Ireland,2016,wind,20.364238739013672
Ireland,2017,wind,24.26614570617676
Ireland,2018,wind,27.961166381835938
Ireland,2019,wind,32.627811431884766
Ireland,2020,wind,36.12762069702149
Ireland,2021,wind,30.96896743774414
Ireland,2022,wind,33.35316848754883
Ireland,2023,wind,37.0926513671875
Ireland,2024,wind,36.78940963745117
Ireland,2025,wind,38.17360305786133
United Kingdom,2000,wind,0.2492972016334533
United Kingdom,2001,wind,0.2494997084140777
United Kingdom,2002,wind,0.3227972388267517
United Kingdom,2003,wind,0.3239496648311615
United Kingdom,2004,wind,0.4924857914447784
United Kingdom,2005,wind,0.7280030250549316
United Kingdom,2006,wind,1.062249779701233
United Kingdom,2007,wind,1.3280915021896362
United Kingdom,2008,wind,1.8330934047698972
United Kingdom,2009,wind,2.463106393814087
United Kingdom,2010,wind,2.6932942867279053
United Kingdom,2011,wind,4.337310314178467
United Kingdom,2012,wind,5.452497005462647
United Kingdom,2013,wind,7.926761150360107
United Kingdom,2014,wind,9.45042610168457
United Kingdom,2015,wind,11.88361358642578
United Kingdom,2016,wind,10.95583438873291
United Kingdom,2017,wind,14.679794311523438
United Kingdom,2018,wind,17.05117416381836
United Kingdom,2019,wind,19.511598587036133
United Kingdom,2020,wind,24.369966506958008
United Kingdom,2021,wind,21.08801651000977
United Kingdom,2022,wind,24.711936950683597
United Kingdom,2023,wind,28.08259010314941
United Kingdom,2024,wind,29.307432174682617
United Kingdom,2025,wind,29.47947120666504
United States,2000,wind,0.1470240205526352
United States,2001,wind,0.1808148324489593
United States,2002,wind,0.26923468708992
United States,2003,wind,0.2892265021800995
United States,2004,wind,0.3577980697154999
United States,2005,wind,0.4413889348506927
United States,2006,wind,0.6570396423339844
United States,2007,wind,0.8316094279289246
United States,2008,wind,1.3477686643600464
United States,2009,wind,1.8754663467407229
United States,2010,wind,2.3007142543792725
United States,2011,wind,2.9391982555389404
United States,2012,wind,3.4850659370422363
United States,2013,wind,4.13846492767334
United States,2014,wind,4.43480396270752
United States,2015,wind,4.669942855834961
United States,2016,wind,5.5531907081604
United States,2017,wind,6.27543306350708
United States,2018,wind,6.489748477935791
United States,2019,wind,7.115271091461182
United States,2020,wind,8.358272552490234
United States,2021,wind,9.105310440063477
United States,2022,wind,10.130887031555176
United States,2023,wind,9.900068283081056
United States,2024,wind,10.291458129882812
Brazil,2000,solar,0.0
Brazil,2001,solar,0.0
Brazil,2002,solar,0.0
Brazil,2003,solar,0.0
Brazil,2004,solar,0.0
Brazil,2005,solar,0.0
Brazil,2006,solar,0.0
Brazil,2007,solar,0.0
Brazil,2008,solar,0.0
Brazil,2009,solar,0.0
Brazil,2010,solar,0.0
Brazil,2011,solar,0.0
Brazil,2012,solar,0.0
Brazil,2013,solar,0.0
Brazil,2014,solar,0.0033866735175251
Brazil,2015,solar,0.0103231137618422
Brazil,2016,solar,0.0155469952151179
Brazil,2017,solar,0.1408402919769287
Brazil,2018,solar,0.5753337740898132
Brazil,2019,solar,1.050005555152893
Brazil,2020,solar,1.7097142934799194
Brazil,2021,solar,2.55179762840271
Brazil,2022,solar,4.449465274810791
Brazil,2023,solar,7.149918079376221
Brazil,2024,solar,9.56391143798828
China,2000,solar,0.0014753614086657
China,2001,solar,0.0020259455777704
China,2002,solar,0.0030229564290493
China,2003,solar,0.0031404076144099
China,2004,solar,0.0036309005226939
China,2005,solar,0.0031996672041714
China,2006,solar,0.0031405722256749
China,2007,solar,0.0033520846627652
China,2008,solar,0.0042909127660095
China,2009,solar,0.0075377426110208
China,2010,solar,0.0166383013129234
China,2011,solar,0.0553785003721714
China,2012,solar,0.0719793736934661
China,2013,solar,0.1540973931550979
China,2014,solar,0.405733048915863
China,2015,solar,0.6789827942848206
China,2016,solar,1.0847588777542114
China,2017,solar,1.7836486101150513
China,2018,solar,2.468553304672241
China,2019,solar,2.9853012561798096
China,2020,solar,3.356442451477051
China,2021,solar,3.831615209579468
China,2022,solar,4.82861328125
China,2023,solar,6.177265167236328
China,2024,solar,8.318132400512695
Denmark,2000,solar,0.0
Denmark,2001,solar,0.0
Denmark,2002,solar,0.0
Denmark,2003,solar,0.0
Denmark,2004,solar,0.0
Denmark,2005,solar,0.0
Denmark,2006,solar,0.0
Denmark,2007,solar,0.0
Denmark,2008,solar,0.0
Denmark,2009,solar,0.0
Denmark,2010,solar,0.02580645121634
Denmark,2011,solar,0.0284819137305021
Denmark,2012,solar,0.3271180987358093
Denmark,2013,solar,1.5024558305740356
Denmark,2014,solar,1.8726592063903809
Denmark,2015,solar,2.0847811698913574
Denmark,2016,solar,2.434210538864136
Denmark,2017,solar,2.427184581756592
Denmark,2018,solar,3.1446540355682373
Denmark,2019,solar,3.268641233444214
Denmark,2020,solar,4.128761291503906
Denmark,2021,solar,3.979343891143799
Denmark,2022,solar,6.767131805419922
Denmark,2023,solar,10.761541366577148
Denmark,2024,solar,10.744741439819336
Denmark,2025,solar,13.315380096435549
Germany,2000,solar,0.0
Germany,2001,solar,0.0172729473561048
Germany,2002,solar,0.034260656684637
Germany,2003,solar,0.0514924488961696
Germany,2004,solar,0.0918635204434394
Germany,2005,solar,0.213584616780281
Germany,2006,solar,0.3602030873298645
Germany,2007,solar,0.4975440204143524
Germany,2008,solar,0.7132803797721863
Germany,2009,solar,1.142934799194336
Germany,2010,solar,1.9160218238830569
Germany,2011,solar,3.3041322231292725
Germany,2012,solar,4.314225196838379
Germany,2013,solar,4.862710475921631
Germany,2014,solar,5.729292869567871
Germany,2015,solar,5.957726955413818
Germany,2016,solar,5.854844570159912
Germany,2017,solar,6.014337062835693
Germany,2018,solar,7.009552478790283
Germany,2019,solar,7.535536289215088
Germany,2020,solar,8.734009742736816
Germany,2021,solar,8.524091720581055
Germany,2022,solar,10.637171745300291
Germany,2023,solar,12.680418014526367
Germany,2024,solar,15.037731170654297
Germany,2025,solar,18.01624298095703
India,2000,solar,0.001750118099153
India,2001,solar,0.0017062224214896
India,2002,solar,0.0016403122572228
India,2003,solar,0.0031341575086116
India,2004,solar,0.0028640164528042
India,2005,solar,0.0028388120699673
India,2006,solar,0.0013433096464723
India,2007,solar,0.0075352271087467
India,2008,solar,0.0072427904233336
India,2009,solar,0.0091050835326313
India,2010,solar,0.0117472419515252
India,2011,solar,0.0804014280438423
India,2012,solar,0.192940205335617
India,2013,solar,0.3005529344081878
India,2014,solar,0.3900911808013916
India,2015,solar,0.5409901142120361
India,2016,solar,0.8745958209037781
India,2017,solar,1.5290038585662842
India,2018,solar,2.3828461170196533
India,2019,solar,2.957459688186645
India,2020,solar,3.8479411602020255
India,2021,solar,4.169736385345459
India,2022,solar,5.39548397064209
India,2023,solar,6.051683902740479
India,2024,solar,6.735789775848389
Ireland,2000,solar,0.0
Ireland,2001,solar,0.0
Ireland,2002,solar,0.0
Ireland,2003,solar,0.0
Ireland,2004,solar,0.0
Ireland,2005,solar,0.0
Ireland,2006,solar,0.0
Ireland,2007,solar,0.0
Ireland,2008,solar,0.0
Ireland,2009,solar,0.0
Ireland,2010,solar,0.0
Ireland,2011,solar,0.0
Ireland,2012,solar,0.0
Ireland,2013,solar,0.0
Ireland,2014,solar,0.0
Ireland,2015,solar,0.0
Ireland,2016,solar,0.0
Ireland,2017,solar,0.0326157845556736
Ireland,2018,solar,0.0647249147295951
Ireland,2019,solar,0.0976880490779876
Ireland,2020,solar,0.1876759529113769
Ireland,2021,solar,0.2533248960971832
Ireland,2022,solar,0.4462957680225372
Ireland,2023,solar,2.0766773223876958
Ireland,2024,solar,3.520672082901001
Ireland,2025,solar,4.7757344245910645
United Kingdom,2000,solar,0.0
United Kingdom,2001,solar,0.0
United Kingdom,2002,solar,0.0
United Kingdom,2003,solar,0.0
United Kingdom,2004,solar,0.0
United Kingdom,2005,solar,0.0025103550869971
United Kingdom,2006,solar,0.0025171798188239
United Kingdom,2007,solar,0.0025200976524502
United Kingdom,2008,solar,0.0051419166848063
United Kingdom,2009,solar,0.0053084190003573
United Kingdom,2010,solar,0.0104695595800876
United Kingdom,2011,solar,0.0652227103710174
United Kingdom,2012,solar,0.3710116446018219
United Kingdom,2013,solar,0.5610137581825256
United Kingdom,2014,solar,1.1979414224624634
United Kingdom,2015,solar,2.2220911979675293
United Kingdom,2016,solar,3.069166898727417
United Kingdom,2017,solar,3.388327121734619
United Kingdom,2018,solar,3.7961409091949454
United Kingdom,2019,solar,3.79595947265625
United Kingdom,2020,solar,4.044473171234131
United Kingdom,2021,solar,3.9395909309387207
United Kingdom,2022,solar,4.109926700592041
United Kingdom,2023,solar,4.744812488555908
United Kingdom,2024,solar,5.204813957214356
United Kingdom,2025,solar,6.598811149597168
United States,2000,solar,0.0128876147791743
United States,2001,solar,0.0144866500049829
United States,2002,solar,0.0143071571364998
United States,2003,solar,0.0136988423764705
United States,2004,solar,0.0146762989461421
United States,2005,solar,0.0136307654902338
United States,2006,solar,0.0126021141186356
United States,2007,solar,0.0147251598536968
United States,2008,solar,0.0209371577948331
United States,2009,solar,0.0225898642092943
United States,2010,solar,0.0294121950864791
United States,2011,solar,0.0445110760629177
United States,2012,solar,0.1071604490280151
United States,2013,solar,0.2229011058807373
United States,2014,solar,0.7060530185699463
United States,2015,solar,0.9556829929351808
United States,2016,solar,1.3423656225204468
United States,2017,solar,1.9070603847503664
United States,2018,solar,2.2220373153686523
United States,2019,solar,2.570472240447998
United States,2020,solar,3.2330987453460693
United States,2021,solar,3.958474636077881
United States,2022,solar,4.78365421295166
United States,2023,solar,5.616950035095215
United States,2024,solar,6.917527198791504
Brazil,2000,nuclear,1.7338721752166748
Brazil,2001,nuclear,4.346370697021484
Brazil,2002,nuclear,4.003239631652832
Brazil,2003,nuclear,3.6664011478424072
Brazil,2004,nuclear,2.996206283569336
Brazil,2005,nuclear,2.443744421005249
Brazil,2006,nuclear,3.278102159500122
Brazil,2007,nuclear,2.774345874786377
Brazil,2008,nuclear,3.016106128692627
Brazil,2009,nuclear,2.780101537704468
Brazil,2010,nuclear,2.815044641494751
Brazil,2011,nuclear,2.944937467575073
Brazil,2012,nuclear,2.903167486190796
Brazil,2013,nuclear,2.706584930419922
Brazil,2014,nuclear,2.6043519973754883
Brazil,2015,nuclear,2.534324407577514
Brazil,2016,nuclear,2.7397258281707764
Brazil,2017,nuclear,2.670874834060669
Brazil,2018,nuclear,2.605630159378052
Brazil,2019,nuclear,2.5468552112579346
Brazil,2020,nuclear,2.2345569133758545
Brazil,2021,nuclear,2.239487886428833
Brazil,2022,nuclear,2.1501567363739014
Brazil,2023,nuclear,2.047675609588623
Brazil,2024,nuclear,2.1160757541656494
China,2000,nuclear,1.234877586364746
China,2001,nuclear,1.179775595664978
China,2002,nuclear,1.519337773323059
China,2003,nuclear,2.268421173095703
China,2004,nuclear,2.290644407272339
China,2005,nuclear,2.123379230499268
China,2006,nuclear,1.9136552810668943
China,2007,nuclear,1.8933184146881104
China,2008,nuclear,1.9563699960708616
China,2009,nuclear,1.8857817649841309
China,2010,nuclear,1.7764952182769775
China,2011,nuclear,1.8501936197280884
China,2012,nuclear,1.971312522888184
China,2013,nuclear,2.052790880203247
China,2014,nuclear,2.2990965843200684
China,2015,nuclear,2.947418451309204
China,2016,nuclear,3.4758589267730717
China,2017,nuclear,3.756563901901245
China,2018,nuclear,4.116581439971924
China,2019,nuclear,4.647208213806152
China,2020,nuclear,4.707503795623779
China,2021,nuclear,4.774872303009033
China,2022,nuclear,4.7213664054870605
China,2023,nuclear,4.597074031829834
China,2024,nuclear,4.469667434692383
Denmark,2000,nuclear,0.0
Denmark,2001,nuclear,0.0
Denmark,2002,nuclear,0.0
Denmark,2003,nuclear,0.0
Denmark,2004,nuclear,0.0
Denmark,2005,nuclear,0.0
Denmark,2006,nuclear,0.0
Denmark,2007,nuclear,0.0
Denmark,2008,nuclear,0.0
Denmark,2009,nuclear,0.0
Denmark,2010,nuclear,0.0
Denmark,2011,nuclear,0.0
Denmark,2012,nuclear,0.0
Denmark,2013,nuclear,0.0
Denmark,2014,nuclear,0.0
Denmark,2015,nuclear,0.0
Denmark,2016,nuclear,0.0
Denmark,2017,nuclear,0.0
Denmark,2018,nuclear,0.0
Denmark,2019,nuclear,0.0
Denmark,2020,nuclear,0.0
Denmark,2021,nuclear,0.0
Denmark,2022,nuclear,0.0
Denmark,2023,nuclear,0.0
Denmark,2024,nuclear,0.0
Denmark,2025,nuclear,0.0
Germany,2000,nuclear,29.811054229736328
Germany,2001,nuclear,29.588558197021484
Germany,2002,nuclear,28.23763084411621
Germany,2003,nuclear,27.417236328125
Germany,2004,nuclear,27.406497955322266
Germany,2005,nuclear,26.58395004272461
Germany,2006,nuclear,26.542367935180664
Germany,2007,nuclear,22.26746940612793
Germany,2008,nuclear,23.48447799682617
Germany,2009,nuclear,22.94883728027344
Germany,2010,nuclear,22.51806259155273
Germany,2011,nuclear,17.846281051635742
Germany,2012,nuclear,16.046852111816406
Germany,2013,nuclear,15.450459480285645
Germany,2014,nuclear,15.69777774810791
Germany,2015,nuclear,14.360812187194824
Germany,2016,nuclear,13.192105293273926
Germany,2017,nuclear,11.842472076416016
Germany,2018,nuclear,12.019990921020508
Germany,2019,nuclear,12.50978946685791
Germany,2020,nuclear,11.359505653381348
Germany,2021,nuclear,11.9430570602417
Germany,2022,nuclear,6.122988700866699
Germany,2023,nuclear,1.43342125415802
Germany,2024,nuclear,0.0
Germany,2025,nuclear,0.0
India,2000,nuclear,2.7599363327026367
India,2001,nuclear,3.2230541706085205
India,2002,nuclear,3.174004316329956
India,2003,nuclear,2.8426809310913086
India,2004,nuclear,3.0444495677948
India,2005,nuclear,2.51660680770874
India,2006,nuclear,2.3682548999786377
India,2007,nuclear,2.239218235015869
India,2008,nuclear,1.838461637496948
India,2009,nuclear,1.91434383392334
India,2010,nuclear,2.464784860610962
India,2011,nuclear,3.1211254596710205
India,2012,nuclear,3.0447802543640137
India,2013,nuclear,2.91878080368042
India,2014,nuclear,2.756061792373657
India,2015,nuclear,2.92317795753479
India,2016,nuclear,2.716982126235962
India,2017,nuclear,2.558140993118286
India,2018,nuclear,2.484649896621704
India,2019,nuclear,2.802914619445801
India,2020,nuclear,2.839646816253662
India,2021,nuclear,2.6091296672821045
India,2022,nuclear,2.557387590408325
India,2023,nuclear,2.5117642879486084
India,2024,nuclear,2.6943159103393555
Ireland,2000,nuclear,0.0
Ireland,2001,nuclear,0.0
Ireland,2002,nuclear,0.0
Ireland,2003,nuclear,0.0
Ireland,2004,nuclear,0.0
Ireland,2005,nuclear,0.0
Ireland,2006,nuclear,0.0
Ireland,2007,nuclear,0.0
Ireland,2008,nuclear,0.0
Ireland,2009,nuclear,0.0
Ireland,2010,nuclear,0.0
Ireland,2011,nuclear,0.0
Ireland,2012,nuclear,0.0
Ireland,2013,nuclear,0.0
Ireland,2014,nuclear,0.0
Ireland,2015,nuclear,0.0
Ireland,2016,nuclear,0.0
Ireland,2017,nuclear,0.0
Ireland,2018,nuclear,0.0
Ireland,2019,nuclear,0.0
Ireland,2020,nuclear,0.0
Ireland,2021,nuclear,0.0
Ireland,2022,nuclear,0.0
Ireland,2023,nuclear,0.0
Ireland,2024,nuclear,0.0
Ireland,2025,nuclear,0.0
United Kingdom,2000,nuclear,22.55874252319336
United Kingdom,2001,nuclear,23.41398811340332
United Kingdom,2002,nuclear,22.686189651489254
United Kingdom,2003,nuclear,22.27216911315918
United Kingdom,2004,nuclear,20.308691024780277
United Kingdom,2005,nuclear,20.48951911926269
United Kingdom,2006,nuclear,18.99212074279785
United Kingdom,2007,nuclear,15.88417625427246
United Kingdom,2008,nuclear,13.494961738586426
United Kingdom,2009,nuclear,18.3405876159668
United Kingdom,2010,nuclear,16.264461517333984
United Kingdom,2011,nuclear,18.74609375
United Kingdom,2012,nuclear,19.350318908691406
United Kingdom,2013,nuclear,19.70804977416992
United Kingdom,2014,nuclear,18.85648536682129
United Kingdom,2015,nuclear,20.757221221923828
United Kingdom,2016,nuclear,21.14806365966797
United Kingdom,2017,nuclear,20.7971134185791
United Kingdom,2018,nuclear,19.4930477142334
United Kingdom,2019,nuclear,17.170452117919922
United Kingdom,2020,nuclear,16.190784454345703
United Kingdom,2021,nuclear,14.972393035888672
United Kingdom,2022,nuclear,14.60348892211914
United Kingdom,2023,nuclear,13.878917694091797
United Kingdom,2024,nuclear,14.28420639038086
United Kingdom,2025,nuclear,12.42571258544922
United States,2000,nuclear,19.8282527923584
United States,2001,nuclear,20.62550163269043
United States,2002,nuclear,20.291709899902344
United States,2003,nuclear,19.74003219604492
United States,2004,nuclear,19.95293617248535
United States,2005,nuclear,19.380220413208008
United States,2006,nuclear,19.452228546142575
United States,2007,nuclear,19.46665954589844
United States,2008,nuclear,19.627613067626957
United States,2009,nuclear,20.27630615234375
United States,2010,nuclear,19.615501403808597
United States,2011,nuclear,19.325632095336918
United States,2012,nuclear,19.03966522216797
United States,2013,nuclear,19.455026626586918
United States,2014,nuclear,19.46211051940918
United States,2015,nuclear,19.519636154174805
United States,2016,nuclear,19.71078109741211
United States,2017,nuclear,19.86397933959961
United States,2018,nuclear,19.209102630615234
United States,2019,nuclear,19.46455192565918
United States,2020,nuclear,19.536108016967773
United States,2021,nuclear,18.770374298095703
United States,2022,nuclear,17.997661590576172
United States,2023,nuclear,18.215476989746094
United States,2024,nuclear,17.805885314941406
